{
  "main": {
    "id": "4906aeb53e2a2578",
    "type": "split",
    "children": [
      {
        "id": "455b187fdcb9384d",
        "type": "tabs",
        "children": [
          {
            "id": "51f03f56a0569ffe",
            "type": "leaf",
            "state": {
              "type": "empty",
              "state": {}
            }
          }
        ]
      }
    ],
    "direction": "vertical"
  },
  "left": {
    "id": "36b4f85b7e46e849",
    "type": "split",
    "children": [
      {
        "id": "568f4a97ad94ed9c",
        "type": "tabs",
        "children": [
          {
            "id": "ce2c29a5b0b592f4",
            "type": "leaf",
            "state": {
              "type": "file-explorer",
              "state": {
                "sortOrder": "alphabetical"
              }
            }
          },
          {
            "id": "9c128100972cae96",
            "type": "leaf",
            "state": {
              "type": "search",
              "state": {
                "query": "tag:#games/fh5",
                "matchingCase": false,
                "explainSearch": false,
                "collapseAll": false,
                "extraContext": false,
                "sortOrder": "alphabetical"
              }
            }
          },
          {
            "id": "f48e4022be8f001c",
            "type": "leaf",
            "state": {
              "type": "bookmarks",
              "state": {}
            }
          }
        ]
      }
    ],
    "direction": "horizontal",
    "width": 300
  },
  "right": {
    "id": "bdd87f35de199e56",
    "type": "split",
    "children": [
      {
        "id": "306f1ed001b35e27",
        "type": "tabs",
        "children": [
          {
            "id": "80a8b2856607cd98",
            "type": "leaf",
            "state": {
              "type": "backlink",
              "state": {
                "file": "my life/random thoughts/delete this thought group/delete this thought.md",
                "collapseAll": false,
                "extraContext": false,
                "sortOrder": "alphabetical",
                "showSearch": false,
                "searchQuery": "",
                "backlinkCollapsed": false,
                "unlinkedCollapsed": true
              }
            }
          },
          {
            "id": "bde14a6c70c970cd",
            "type": "leaf",
            "state": {
              "type": "outgoing-link",
              "state": {
                "file": "my life/random thoughts/delete this thought group/delete this thought.md",
                "linksCollapsed": false,
                "unlinkedCollapsed": true
              }
            }
          },
          {
            "id": "b649deb88662081f",
            "type": "leaf",
            "state": {
              "type": "tag",
              "state": {
                "sortOrder": "frequency",
                "useHierarchy": true
              }
            }
          },
          {
            "id": "1980705a832ae821",
            "type": "leaf",
            "state": {
              "type": "outline",
              "state": {
                "file": "my life/random thoughts/delete this thought group/delete this thought.md"
              }
            }
          }
        ]
      }
    ],
    "direction": "horizontal",
    "width": 300,
    "collapsed": true
  },
  "left-ribbon": {
    "hiddenItems": {
      "switcher:Open quick switcher": false,
      "graph:Open graph view": false,
      "canvas:Create new canvas": false,
      "daily-notes:Open today's daily note": false,
      "templates:Insert template": false,
      "command-palette:Open command palette": false
    }
  },
  "active": "ce2c29a5b0b592f4",
  "lastOpenFiles": [
    "my life/life todo.md",
    "business/business todo.md",
    "my life/random thoughts/delete this thought group/delete this thought.md",
    "my life/random thoughts/mom asshole/Ignoring my thoughts.md",
    "my life/logging/yearlies/delete this y1.md",
    "my life/logging/weeklies/delete this w1.md",
    "my life/logging/projects/delete this project.md",
    "my life/logging/monthlies/delete this m1.md",
    "my life/logging/media/podcasts/delete this podcast name/delete this podcast episode.md",
    "templates/media logging/template podcasts.md",
    "my life/logging/media/podcasts/delete this podcast name/Untitled",
    "my life/logging/media/podcasts/delete this podcast name",
    "my life/logging/media/podcasts",
    "my life/logging/media/books/delete this book series/delete this book.md",
    "my life/logging/media/movies/delete this movie series/delete this movie.md",
    "templates/media logging/template movies.md",
    "my life/logging/media/comics/delete this comic series/delete this comic.md",
    "my life/logging/media/movies/delete this movie series",
    "my life/logging/media/movies",
    "templates/media logging/template comics.md",
    "my life/logging/media/comics/delete this comic series",
    "my life/logging/media/comics",
    "my life/logging/media/series/delete this series/delete this season/delete this episode.md",
    "templates/media logging/template books.md",
    "my life/logging/media/games/delete this game series/delete this game.md",
    "my life/logging/media/books/delete this book series",
    "my life/logging/media/books",
    "templates/media logging/template series.md",
    "templates/media logging/template games.md",
    "my life/logging/habit tracking/delete this habit.md",
    "my life/logging/dailies/delete this d1.md",
    "templates/-lies logging/template dailies.md",
    "my life/Internet chunking/delete this topic.md",
    "my life/logging/dailies/d2.md",
    "my life/dream journal/delete this dream.md",
    "embedded media",
    "yoda speak thank.jpg",
    "my life/embedded media/Screenshot_20230909_224540_YouTube.png"
  ]
}